[{"model": "contenttypes.contenttype", "pk": 1, "fields": {"app_label": "admin", "model": "logentry"}}, {"model": "contenttypes.contenttype", "pk": 2, "fields": {"app_label": "auth", "model": "permission"}}, {"model": "contenttypes.contenttype", "pk": 3, "fields": {"app_label": "auth", "model": "group"}}, {"model": "contenttypes.contenttype", "pk": 4, "fields": {"app_label": "auth", "model": "user"}}, {"model": "contenttypes.contenttype", "pk": 5, "fields": {"app_label": "contenttypes", "model": "contenttype"}}, {"model": "contenttypes.contenttype", "pk": 6, "fields": {"app_label": "sessions", "model": "session"}}, {"model": "contenttypes.contenttype", "pk": 7, "fields": {"app_label": "blog", "model": "faculty"}}, {"model": "contenttypes.contenttype", "pk": 8, "fields": {"app_label": "blog", "model": "group"}}, {"model": "contenttypes.contenttype", "pk": 9, "fields": {"app_label": "blog", "model": "mark"}}, {"model": "contenttypes.contenttype", "pk": 10, "fields": {"app_label": "blog", "model": "post"}}, {"model": "contenttypes.contenttype", "pk": 11, "fields": {"app_label": "blog", "model": "subject"}}, {"model": "contenttypes.contenttype", "pk": 12, "fields": {"app_label": "blog", "model": "student"}}, {"model": "contenttypes.contenttype", "pk": 13, "fields": {"app_label": "blog", "model": "lecturer"}}, {"model": "contenttypes.contenttype", "pk": 14, "fields": {"app_label": "blog", "model": "groupsubject"}}, {"model": "contenttypes.contenttype", "pk": 15, "fields": {"app_label": "blog", "model": "exammark"}}, {"model": "blog.faculty", "pk": 1, "fields": {"abbreviation": "\u0418", "name": "\u0418\u043d\u0444\u043e\u0440\u043c\u0430\u0442\u0438\u043a\u0430"}}, {"model": "blog.faculty", "pk": 2, "fields": {"abbreviation": "\u0418\u0421", "name": "\u0418\u043d\u0444\u043e\u0440\u043c\u0430\u0446\u0438\u043e\u043d\u043d\u044b\u0435 \u0441\u0438\u0441\u0442\u0435\u043c\u044b"}}, {"model": "blog.faculty", "pk": 3, "fields": {"abbreviation": "\u0423\u042d\u0420", "name": "\u0423\u043f\u0440\u0430\u0432\u043b\u0435\u043d\u0438\u0435 \u044d\u043a\u0441\u043f\u043b\u0443\u0430\u0442\u0430\u0446\u0438\u043e\u043d\u043d\u043e\u0439 \u0440\u0430\u0431\u043e\u0442\u043e\u0439"}}, {"model": "blog.faculty", "pk": 4, "fields": {"abbreviation": "\u0422\u0438\u041f\u041c", "name": "\u0422\u0435\u043e\u0440\u0435\u0442\u0438\u0447\u0435\u0441\u043a\u0430\u044f \u0438 \u043f\u0440\u0438\u043a\u043b\u0430\u0434\u043d\u0430\u044f \u043c\u0435\u0445\u0430\u043d\u0438\u043a\u0430"}}, {"model": "blog.group", "pk": 1, "fields": {"name": "\u0418\u0421-09-01"}}, {"model": "blog.group", "pk": 2, "fields": {"name": "\u0418\u0421-09-02"}}, {"model": "blog.group", "pk": 3, "fields": {"name": "\u0418\u0421-10-01"}}, {"model": "blog.group", "pk": 4, "fields": {"name": "\u0418\u0421-10-02"}}, {"model": "blog.group", "pk": 5, "fields": {"name": "\u041f\u041e-10-01"}}, {"model": "blog.group", "pk": 6, "fields": {"name": "\u041f\u041e-10-02"}}, {"model": "blog.mark", "pk": 1, "fields": {"name": "\u043d\u0435 \u0437\u0430\u0447\u0442\u0435\u043d\u043e", "value": 0}}, {"model": "blog.mark", "pk": 2, "fields": {"name": "\u0437\u0430\u0447\u0442\u0435\u043d\u043e", "value": 1}}, {"model": "blog.mark", "pk": 3, "fields": {"name": "\u043d\u0435\u0443\u0434\u043e\u0432\u043b\u0435\u0442\u0432\u043e\u0440\u0438\u0442\u0435\u043b\u044c\u043d\u043e", "value": 2}}, {"model": "blog.mark", "pk": 4, "fields": {"name": "\u0443\u0434\u043e\u0432\u043b\u0435\u0442\u0432\u043e\u0440\u0438\u0442\u0435\u043b\u044c\u043d\u043e", "value": 3}}, {"model": "blog.mark", "pk": 5, "fields": {"name": "\u0445\u043e\u0440\u043e\u0448\u043e", "value": 4}}, {"model": "blog.mark", "pk": 6, "fields": {"name": "\u043e\u0442\u043b\u0438\u0447\u043d\u043e", "value": 5}}, {"model": "blog.post", "pk": 1, "fields": {"name": "\u0430\u0441\u0441\u0438\u0441\u0442\u0435\u043d\u0442"}}, {"model": "blog.post", "pk": 2, "fields": {"name": "\u0434\u043e\u0446\u0435\u043d\u0442"}}, {"model": "blog.post", "pk": 3, "fields": {"name": "\u043f\u0440\u0435\u043f\u043e\u0434\u0430\u0432\u0430\u0442\u0435\u043b\u044c"}}, {"model": "blog.post", "pk": 4, "fields": {"name": "\u043f\u0440\u043e\u0444\u0435\u0441\u0441\u043e\u0440"}}, {"model": "blog.post", "pk": 5, "fields": {"name": "\u0441\u0442\u0430\u0440\u0448\u0438\u0439 \u043f\u0440\u0435\u043f\u043e\u0434\u0430\u0432\u0430\u0442\u0435\u043b\u044c"}}, {"model": "blog.post", "pk": 6, "fields": {"name": "\u0437\u0430\u0432\u0435\u0434\u0443\u044e\u0449\u0438\u0439 \u043a\u0430\u0444\u0435\u0434\u0440\u043e\u0439"}}, {"model": "blog.subject", "pk": 1, "fields": {"name": "\u043c\u0430\u0442\u0435\u043c\u0430\u0442\u0438\u043a\u0430", "hour": 56}}, {"model": "blog.subject", "pk": 2, "fields": {"name": "\u0438\u043d\u0444\u043e\u0440\u043c\u0430\u0442\u0438\u043a\u0430", "hour": 94}}, {"model": "blog.subject", "pk": 3, "fields": {"name": "\u0444\u0438\u0437\u0438\u043a\u0430", "hour": 120}}, {"model": "blog.subject", "pk": 4, "fields": {"name": "\u0438\u0441\u0442\u043e\u0440\u0438\u044f", "hour": 72}}, {"model": "blog.subject", "pk": 5, "fields": {"name": "\u042d\u0412\u041c", "hour": 36}}, {"model": "blog.subject", "pk": 6, "fields": {"name": "\u0430\u043d\u0433\u043b\u0438\u0439\u0441\u043a\u0438\u0439", "hour": 82}}, {"model": "blog.subject", "pk": 7, "fields": {"name": "\u0431\u0430\u0437\u044b \u0434\u0430\u043d\u043d\u044b\u0445", "hour": 110}}, {"model": "blog.subject", "pk": 8, "fields": {"name": "\u043a\u043e\u043c\u043f\u044c\u044e\u0442\u0435\u0440\u043d\u044b\u0435 \u0441\u0435\u0442\u0438", "hour": 96}}, {"model": "blog.lecturer", "pk": 1, "fields": {"surname": "\u041f\u0435\u0442\u0440\u043e\u0432", "name": "\u0418\u0432\u0430\u043d", "patronymic": "\u0421\u0435\u0440\u0433\u0435\u0435\u0432\u0438\u0447", "post": 2, "faculty": 1}}, {"model": "blog.lecturer", "pk": 2, "fields": {"surname": "\u0421\u0435\u0440\u0433\u0435\u0435\u0432", "name": "\u0418\u0433\u043e\u0440\u044c", "patronymic": "\u041f\u0430\u0432\u043b\u043e\u0432\u0438\u0447", "post": 1, "faculty": 4}}, {"model": "blog.lecturer", "pk": 3, "fields": {"surname": "\u0410\u043d\u0442\u043e\u043d\u043e\u0432\u0430", "name": "\u0422\u0430\u0442\u044c\u044f\u043d\u0430", "patronymic": "\u0421\u0435\u0440\u0433\u0435\u0435\u0432\u043d\u0430", "post": 3, "faculty": 2}}, {"model": "blog.lecturer", "pk": 4, "fields": {"surname": "\u0418\u0432\u0430\u043d\u043e\u0432", "name": "\u0421\u0435\u0440\u0433\u0435\u0439", "patronymic": "\u0412\u0430\u0441\u0438\u043b\u044c\u0435\u0432\u0438\u0447", "post": 4, "faculty": 1}}, {"model": "blog.lecturer", "pk": 5, "fields": {"surname": "\u041a\u043b\u0438\u043c\u043e\u0432\u0430", "name": "\u041e\u043b\u044c\u0433\u0430", "patronymic": "\u0412\u043b\u0430\u0434\u0438\u043c\u0438\u0440\u043e\u0432\u043d\u0430", "post": 1, "faculty": 3}}, {"model": "blog.lecturer", "pk": 6, "fields": {"surname": "\u041a\u0430\u0440\u0435\u043b\u0438\u043d", "name": "\u0410\u043d\u0434\u0440\u0435\u0439", "patronymic": "\u041c\u0438\u0445\u0430\u0439\u043b\u043e\u0432\u0438\u0447", "post": 2, "faculty": 1}}, {"model": "blog.lecturer", "pk": 7, "fields": {"surname": "\u0424\u0435\u0434\u043e\u0440\u043e\u0432", "name": "\u0412\u0438\u043a\u0442\u043e\u0440", "patronymic": "\u0424\u0435\u0434\u043e\u0440\u043e\u0432\u0438\u0447", "post": 2, "faculty": 4}}, {"model": "blog.lecturer", "pk": 8, "fields": {"surname": "\u0421\u0442\u0435\u043f\u0430\u043d\u043e\u0432", "name": "\u0418\u043b\u044c\u044f", "patronymic": "\u0418\u0432\u0430\u043d\u043e\u0432\u0438\u0447", "post": 5, "faculty": 2}}, {"model": "blog.lecturer", "pk": 9, "fields": {"surname": "\u0422\u0438\u043c\u043e\u0444\u0435\u0435\u0432", "name": "\u0418\u0432\u0430\u043d", "patronymic": "\u0421\u0435\u0440\u0433\u0435\u0435\u0432\u0438\u0447", "post": 3, "faculty": 3}}, {"model": "blog.lecturer", "pk": 10, "fields": {"surname": "\u0421\u0438\u043c\u043e\u043d\u043e\u0432", "name": "\u0418\u0432\u0430\u043d", "patronymic": "\u0421\u0435\u0440\u0433\u0435\u0435\u0432\u0438\u0447", "post": 4, "faculty": 4}}, {"model": "blog.lecturer", "pk": 11, "fields": {"surname": "\u0420\u043e\u0449\u0438\u043d\u0430", "name": "\u0422\u0430\u0442\u044c\u044f\u043d\u0430", "patronymic": "\u0421\u0435\u0440\u0433\u0435\u0435\u0432\u043d\u0430", "post": 2, "faculty": 4}}, {"model": "blog.lecturer", "pk": 12, "fields": {"surname": "\u0412\u0435\u0440\u0431\u0438\u0446\u043a\u0430\u044f", "name": "\u0415\u043b\u0435\u043d\u0430", "patronymic": "\u041f\u0435\u0442\u0440\u043e\u0432\u043d\u0430", "post": 2, "faculty": 1}}, {"model": "blog.lecturer", "pk": 13, "fields": {"surname": "\u0420\u0435\u0448\u0435\u0442\u043d\u0438\u043a", "name": "\u0422\u0430\u0442\u044c\u044f\u043d\u0430", "patronymic": "\u0421\u0435\u0440\u0433\u0435\u0435\u0432\u043d\u0430", "post": 2, "faculty": 3}}, {"model": "blog.student", "pk": 1, "fields": {"group": 1, "number": "091110001", "surname": "\u0411\u0430\u0447\u0438\u043d", "name": "\u0418\u0432\u0430\u043d", "patronymic": "\u0421\u0435\u0440\u0433\u0435\u0435\u0432\u0438\u0447", "gender": "\u043c", "birthday": "1992-03-10T00:00:00Z"}}, {"model": "blog.student", "pk": 2, "fields": {"group": 1, "number": "091110002", "surname": "\u041b\u044f\u043f\u043e\u0432\u043a\u0430", "name": "\u0418\u0433\u043e\u0440\u044c", "patronymic": "\u041f\u0430\u0432\u043b\u043e\u0432\u0438\u0447", "gender": "\u043c", "birthday": "1992-12-21T00:00:00Z"}}, {"model": "blog.student", "pk": 3, "fields": {"group": 1, "number": "091110003", "surname": "\u0420\u0430\u0437\u0443\u043c\u043e\u0432\u0430", "name": "\u0422\u0430\u0442\u044c\u044f\u043d\u0430", "patronymic": "\u0421\u0435\u0440\u0433\u0435\u0435\u0432\u043d\u0430", "gender": "\u0436", "birthday": "1993-01-01T00:00:00Z"}}, {"model": "blog.student", "pk": 4, "fields": {"group": 2, "number": "091110021", "surname": "\u041a\u0443\u0441\u0442\u043e\u0432", "name": "\u0421\u0435\u0440\u0433\u0435\u0439", "patronymic": "\u0412\u0430\u0441\u0438\u043b\u044c\u0435\u0432\u0438\u0447", "gender": "\u043c", "birthday": "1993-02-09T00:00:00Z"}}, {"model": "blog.student", "pk": 5, "fields": {"group": 2, "number": "091110022", "surname": "\u041a\u043b\u0438\u043c\u043e\u0432\u0430", "name": "\u041e\u043b\u044c\u0433\u0430", "patronymic": "\u0412\u043b\u0430\u0434\u0438\u043c\u0438\u0440\u043e\u0432\u043d\u0430", "gender": "\u0436", "birthday": "1993-01-04T00:00:00Z"}}, {"model": "blog.student", "pk": 6, "fields": {"group": 2, "number": "091110023", "surname": "\u041a\u043e\u0440\u043d\u0435\u0435\u0432", "name": "\u0410\u043d\u0434\u0440\u0435\u0439", "patronymic": "\u041c\u0438\u0445\u0430\u0439\u043b\u043e\u0432\u0438\u0447", "gender": "\u043c", "birthday": "1992-08-13T00:00:00Z"}}, {"model": "blog.student", "pk": 7, "fields": {"group": 2, "number": "091110024", "surname": "\u0421\u0442\u0435\u043f\u0430\u043d\u043e\u0432", "name": "\u0418\u043b\u044c\u044f", "patronymic": "\u0418\u0432\u0430\u043d\u043e\u0432\u0438\u0447", "gender": "\u043c", "birthday": "1992-01-23T00:00:00Z"}}, {"model": "blog.student", "pk": 8, "fields": {"group": 3, "number": "101110011", "surname": "\u0422\u0438\u043c\u043e\u0444\u0435\u0435\u0432", "name": "\u0418\u0432\u0430\u043d", "patronymic": "\u0421\u0435\u0440\u0433\u0435\u0435\u0432\u0438\u0447", "gender": "\u043c", "birthday": "1993-06-16T00:00:00Z"}}, {"model": "blog.student", "pk": 9, "fields": {"group": 3, "number": "101110012", "surname": "\u0422\u0440\u043e\u043f\u0438\u043d\u0438\u043d", "name": "\u042d\u0434\u0443\u0430\u0440\u0434", "patronymic": "\u0410\u043b\u0435\u043a\u0441\u0430\u043d\u0434\u0440\u043e\u0432\u0438\u0447", "gender": "\u043c", "birthday": "1992-11-25T00:00:00Z"}}, {"model": "blog.student", "pk": 10, "fields": {"group": 4, "number": "101110021", "surname": "\u0420\u044f\u0437\u0430\u043d\u043e\u0432\u0430", "name": "\u0421\u0432\u0435\u0442\u043b\u0430\u043d\u0430", "patronymic": "\u041e\u043b\u0435\u0433\u043e\u0432\u043d\u0430", "gender": "\u0436", "birthday": "1993-04-28T00:00:00Z"}}, {"model": "blog.student", "pk": 11, "fields": {"group": 4, "number": "101110025", "surname": "\u0412\u0435\u0440\u0431\u0430", "name": "\u0415\u043b\u0435\u043d\u0430", "patronymic": "\u041f\u0435\u0442\u0440\u043e\u0432\u043d\u0430", "gender": "\u0436", "birthday": "1992-09-18T00:00:00Z"}}, {"model": "blog.student", "pk": 12, "fields": {"group": 5, "number": "102110010", "surname": "\u0421\u0438\u043c\u0430\u043a\u043e\u0432", "name": "\u0424\u0435\u0434\u043e\u0440", "patronymic": "\u0418\u0432\u0430\u043d\u043e\u0432\u0438\u0447", "gender": "\u043c", "birthday": "1993-01-20T00:00:00Z"}}, {"model": "blog.student", "pk": 13, "fields": {"group": 5, "number": "102110001", "surname": "\u0423\u0433\u043b\u043e\u0432", "name": "\u041d\u0438\u043a\u0438\u0442\u0430", "patronymic": "\u0410\u043b\u0435\u043a\u0441\u0435\u0435\u0432\u0438\u0447", "gender": "\u043c", "birthday": "1993-01-09T00:00:00Z"}}, {"model": "blog.student", "pk": 14, "fields": {"group": 6, "number": "102110029", "surname": "\u0421\u0438\u0431\u0438\u0440\u044f\u043a\u043e\u0432", "name": "\u0410\u043d\u0434\u0440\u0435\u0439", "patronymic": "\u0414\u0435\u043d\u0438\u0441\u043e\u0432\u0438\u0447", "gender": "\u043c", "birthday": "1993-04-12T00:00:00Z"}}, {"model": "blog.student", "pk": 15, "fields": {"group": 6, "number": "102110027", "surname": "\u041c\u0430\u0440\u0447\u0435\u043d\u043a\u043e", "name": "\u0412\u0430\u043b\u0435\u043d\u0442\u0438\u043d\u0430", "patronymic": "\u041c\u0438\u0445\u0430\u0439\u043b\u043e\u0432\u043d\u0430", "gender": "\u0436", "birthday": "1993-05-06T00:00:00Z"}}, {"model": "blog.student", "pk": 16, "fields": {"group": 6, "number": "102110030", "surname": "\u041f\u0435\u0442\u0440\u0435\u043d\u043a\u043e", "name": "\u041e\u043b\u0435\u0433", "patronymic": "\u0424\u0435\u0434\u043e\u0440\u043e\u0432\u0438\u0447", "gender": "\u043c", "birthday": "1993-06-05T00:00:00Z"}}, {"model": "blog.groupsubject", "pk": 1, "fields": {"group": 1, "subject": 7, "lecturer": 6, "exam_test": "\u044d\u043a\u0437\u0430\u043c\u0435\u043d"}}, {"model": "blog.groupsubject", "pk": 2, "fields": {"group": 1, "subject": 1, "lecturer": 5, "exam_test": "\u044d\u043a\u0437\u0430\u043c\u0435\u043d"}}, {"model": "blog.groupsubject", "pk": 3, "fields": {"group": 1, "subject": 4, "lecturer": 12, "exam_test": "\u0437\u0430\u0447\u0435\u0442"}}, {"model": "blog.groupsubject", "pk": 4, "fields": {"group": 1, "subject": 8, "lecturer": 11, "exam_test": "\u044d\u043a\u0437\u0430\u043c\u0435\u043d"}}, {"model": "blog.groupsubject", "pk": 5, "fields": {"group": 1, "subject": 5, "lecturer": 13, "exam_test": "\u0437\u0430\u0447\u0435\u0442"}}, {"model": "blog.groupsubject", "pk": 6, "fields": {"group": 2, "subject": 3, "lecturer": 4, "exam_test": "\u044d\u043a\u0437\u0430\u043c\u0435\u043d"}}, {"model": "blog.groupsubject", "pk": 7, "fields": {"group": 2, "subject": 2, "lecturer": 3, "exam_test": "\u044d\u043a\u0437\u0430\u043c\u0435\u043d"}}, {"model": "blog.groupsubject", "pk": 8, "fields": {"group": 2, "subject": 6, "lecturer": 9, "exam_test": "\u0437\u0430\u0447\u0435\u0442"}}, {"model": "blog.groupsubject", "pk": 9, "fields": {"group": 3, "subject": 2, "lecturer": 3, "exam_test": "\u044d\u043a\u0437\u0430\u043c\u0435\u043d"}}, {"model": "blog.groupsubject", "pk": 10, "fields": {"group": 3, "subject": 4, "lecturer": 8, "exam_test": "\u0437\u0430\u0447\u0435\u0442"}}, {"model": "blog.groupsubject", "pk": 11, "fields": {"group": 3, "subject": 6, "lecturer": 9, "exam_test": "\u044d\u043a\u0437\u0430\u043c\u0435\u043d"}}, {"model": "blog.groupsubject", "pk": 12, "fields": {"group": 4, "subject": 1, "lecturer": 5, "exam_test": "\u044d\u043a\u0437\u0430\u043c\u0435\u043d"}}, {"model": "blog.groupsubject", "pk": 13, "fields": {"group": 4, "subject": 4, "lecturer": 8, "exam_test": "\u0437\u0430\u0447\u0435\u0442"}}, {"model": "blog.groupsubject", "pk": 14, "fields": {"group": 5, "subject": 8, "lecturer": 10, "exam_test": "\u044d\u043a\u0437\u0430\u043c\u0435\u043d"}}, {"model": "blog.groupsubject", "pk": 15, "fields": {"group": 5, "subject": 7, "lecturer": 1, "exam_test": "\u0437\u0430\u0447\u0435\u0442"}}, {"model": "blog.groupsubject", "pk": 16, "fields": {"group": 6, "subject": 7, "lecturer": 1, "exam_test": "\u044d\u043a\u0437\u0430\u043c\u0435\u043d"}}, {"model": "blog.groupsubject", "pk": 17, "fields": {"group": 6, "subject": 4, "lecturer": 12, "exam_test": "\u0437\u0430\u0447\u0435\u0442"}}, {"model": "blog.exammark", "pk": 1, "fields": {"group_subject": 1, "student": 1, "mark": 5, "date": "2019-11-01T00:00:00Z"}}, {"model": "blog.exammark", "pk": 2, "fields": {"group_subject": 1, "student": 2, "mark": 6, "date": "2019-11-01T00:00:00Z"}}, {"model": "blog.exammark", "pk": 3, "fields": {"group_subject": 1, "student": 3, "mark": 5, "date": "2019-11-02T00:00:00Z"}}, {"model": "blog.exammark", "pk": 4, "fields": {"group_subject": 2, "student": 1, "mark": 6, "date": "2019-11-06T00:00:00Z"}}, {"model": "blog.exammark", "pk": 5, "fields": {"group_subject": 2, "student": 2, "mark": 5, "date": "2019-11-13T00:00:00Z"}}, {"model": "blog.exammark", "pk": 6, "fields": {"group_subject": 2, "student": 3, "mark": 5, "date": "2019-11-01T00:00:00Z"}}, {"model": "blog.exammark", "pk": 7, "fields": {"group_subject": 3, "student": 1, "mark": 2, "date": "2019-11-02T00:00:00Z"}}, {"model": "blog.exammark", "pk": 8, "fields": {"group_subject": 3, "student": 2, "mark": 2, "date": "2019-11-01T00:00:00Z"}}, {"model": "blog.exammark", "pk": 9, "fields": {"group_subject": 3, "student": 3, "mark": 2, "date": "2019-11-02T00:00:00Z"}}, {"model": "blog.exammark", "pk": 10, "fields": {"group_subject": 4, "student": 1, "mark": 6, "date": "2019-11-06T00:00:00Z"}}, {"model": "blog.exammark", "pk": 11, "fields": {"group_subject": 4, "student": 2, "mark": 6, "date": "2019-11-01T00:00:00Z"}}, {"model": "blog.exammark", "pk": 12, "fields": {"group_subject": 4, "student": 3, "mark": 6, "date": "2019-11-01T00:00:00Z"}}, {"model": "blog.exammark", "pk": 13, "fields": {"group_subject": 5, "student": 1, "mark": 1, "date": "2019-11-01T00:00:00Z"}}, {"model": "blog.exammark", "pk": 14, "fields": {"group_subject": 5, "student": 2, "mark": 2, "date": "2019-11-07T00:00:00Z"}}, {"model": "blog.exammark", "pk": 15, "fields": {"group_subject": 5, "student": 3, "mark": 1, "date": "2019-11-06T00:00:00Z"}}, {"model": "blog.exammark", "pk": 16, "fields": {"group_subject": 6, "student": 4, "mark": 5, "date": "2019-11-20T00:00:00Z"}}, {"model": "blog.exammark", "pk": 17, "fields": {"group_subject": 6, "student": 5, "mark": 6, "date": "2019-11-02T00:00:00Z"}}, {"model": "blog.exammark", "pk": 18, "fields": {"group_subject": 6, "student": 6, "mark": 3, "date": "2019-11-07T00:00:00Z"}}, {"model": "blog.exammark", "pk": 19, "fields": {"group_subject": 6, "student": 7, "mark": 6, "date": "2019-11-02T00:00:00Z"}}, {"model": "blog.exammark", "pk": 20, "fields": {"group_subject": 7, "student": 4, "mark": 6, "date": "2019-11-04T00:00:00Z"}}, {"model": "blog.exammark", "pk": 21, "fields": {"group_subject": 7, "student": 5, "mark": 3, "date": "2019-11-11T00:00:00Z"}}, {"model": "blog.exammark", "pk": 22, "fields": {"group_subject": 7, "student": 6, "mark": 6, "date": "2019-11-01T00:00:00Z"}}, {"model": "blog.exammark", "pk": 23, "fields": {"group_subject": 7, "student": 7, "mark": 4, "date": "2019-11-03T00:00:00Z"}}, {"model": "blog.exammark", "pk": 24, "fields": {"group_subject": 8, "student": 4, "mark": 2, "date": "2019-11-01T00:00:00Z"}}, {"model": "blog.exammark", "pk": 25, "fields": {"group_subject": 8, "student": 5, "mark": 2, "date": "2019-11-05T00:00:00Z"}}, {"model": "auth.permission", "pk": 1, "fields": {"name": "Can add log entry", "content_type": 1, "codename": "add_logentry"}}, {"model": "auth.permission", "pk": 2, "fields": {"name": "Can change log entry", "content_type": 1, "codename": "change_logentry"}}, {"model": "auth.permission", "pk": 3, "fields": {"name": "Can delete log entry", "content_type": 1, "codename": "delete_logentry"}}, {"model": "auth.permission", "pk": 4, "fields": {"name": "Can view log entry", "content_type": 1, "codename": "view_logentry"}}, {"model": "auth.permission", "pk": 5, "fields": {"name": "Can add permission", "content_type": 2, "codename": "add_permission"}}, {"model": "auth.permission", "pk": 6, "fields": {"name": "Can change permission", "content_type": 2, "codename": "change_permission"}}, {"model": "auth.permission", "pk": 7, "fields": {"name": "Can delete permission", "content_type": 2, "codename": "delete_permission"}}, {"model": "auth.permission", "pk": 8, "fields": {"name": "Can view permission", "content_type": 2, "codename": "view_permission"}}, {"model": "auth.permission", "pk": 9, "fields": {"name": "Can add group", "content_type": 3, "codename": "add_group"}}, {"model": "auth.permission", "pk": 10, "fields": {"name": "Can change group", "content_type": 3, "codename": "change_group"}}, {"model": "auth.permission", "pk": 11, "fields": {"name": "Can delete group", "content_type": 3, "codename": "delete_group"}}, {"model": "auth.permission", "pk": 12, "fields": {"name": "Can view group", "content_type": 3, "codename": "view_group"}}, {"model": "auth.permission", "pk": 13, "fields": {"name": "Can add user", "content_type": 4, "codename": "add_user"}}, {"model": "auth.permission", "pk": 14, "fields": {"name": "Can change user", "content_type": 4, "codename": "change_user"}}, {"model": "auth.permission", "pk": 15, "fields": {"name": "Can delete user", "content_type": 4, "codename": "delete_user"}}, {"model": "auth.permission", "pk": 16, "fields": {"name": "Can view user", "content_type": 4, "codename": "view_user"}}, {"model": "auth.permission", "pk": 17, "fields": {"name": "Can add content type", "content_type": 5, "codename": "add_contenttype"}}, {"model": "auth.permission", "pk": 18, "fields": {"name": "Can change content type", "content_type": 5, "codename": "change_contenttype"}}, {"model": "auth.permission", "pk": 19, "fields": {"name": "Can delete content type", "content_type": 5, "codename": "delete_contenttype"}}, {"model": "auth.permission", "pk": 20, "fields": {"name": "Can view content type", "content_type": 5, "codename": "view_contenttype"}}, {"model": "auth.permission", "pk": 21, "fields": {"name": "Can add session", "content_type": 6, "codename": "add_session"}}, {"model": "auth.permission", "pk": 22, "fields": {"name": "Can change session", "content_type": 6, "codename": "change_session"}}, {"model": "auth.permission", "pk": 23, "fields": {"name": "Can delete session", "content_type": 6, "codename": "delete_session"}}, {"model": "auth.permission", "pk": 24, "fields": {"name": "Can view session", "content_type": 6, "codename": "view_session"}}, {"model": "auth.permission", "pk": 25, "fields": {"name": "Can add faculty", "content_type": 7, "codename": "add_faculty"}}, {"model": "auth.permission", "pk": 26, "fields": {"name": "Can change faculty", "content_type": 7, "codename": "change_faculty"}}, {"model": "auth.permission", "pk": 27, "fields": {"name": "Can delete faculty", "content_type": 7, "codename": "delete_faculty"}}, {"model": "auth.permission", "pk": 28, "fields": {"name": "Can view faculty", "content_type": 7, "codename": "view_faculty"}}, {"model": "auth.permission", "pk": 29, "fields": {"name": "Can add group", "content_type": 8, "codename": "add_group"}}, {"model": "auth.permission", "pk": 30, "fields": {"name": "Can change group", "content_type": 8, "codename": "change_group"}}, {"model": "auth.permission", "pk": 31, "fields": {"name": "Can delete group", "content_type": 8, "codename": "delete_group"}}, {"model": "auth.permission", "pk": 32, "fields": {"name": "Can view group", "content_type": 8, "codename": "view_group"}}, {"model": "auth.permission", "pk": 33, "fields": {"name": "Can add mark", "content_type": 9, "codename": "add_mark"}}, {"model": "auth.permission", "pk": 34, "fields": {"name": "Can change mark", "content_type": 9, "codename": "change_mark"}}, {"model": "auth.permission", "pk": 35, "fields": {"name": "Can delete mark", "content_type": 9, "codename": "delete_mark"}}, {"model": "auth.permission", "pk": 36, "fields": {"name": "Can view mark", "content_type": 9, "codename": "view_mark"}}, {"model": "auth.permission", "pk": 37, "fields": {"name": "Can add post", "content_type": 10, "codename": "add_post"}}, {"model": "auth.permission", "pk": 38, "fields": {"name": "Can change post", "content_type": 10, "codename": "change_post"}}, {"model": "auth.permission", "pk": 39, "fields": {"name": "Can delete post", "content_type": 10, "codename": "delete_post"}}, {"model": "auth.permission", "pk": 40, "fields": {"name": "Can view post", "content_type": 10, "codename": "view_post"}}, {"model": "auth.permission", "pk": 41, "fields": {"name": "Can add subject", "content_type": 11, "codename": "add_subject"}}, {"model": "auth.permission", "pk": 42, "fields": {"name": "Can change subject", "content_type": 11, "codename": "change_subject"}}, {"model": "auth.permission", "pk": 43, "fields": {"name": "Can delete subject", "content_type": 11, "codename": "delete_subject"}}, {"model": "auth.permission", "pk": 44, "fields": {"name": "Can view subject", "content_type": 11, "codename": "view_subject"}}, {"model": "auth.permission", "pk": 45, "fields": {"name": "Can add student", "content_type": 12, "codename": "add_student"}}, {"model": "auth.permission", "pk": 46, "fields": {"name": "Can change student", "content_type": 12, "codename": "change_student"}}, {"model": "auth.permission", "pk": 47, "fields": {"name": "Can delete student", "content_type": 12, "codename": "delete_student"}}, {"model": "auth.permission", "pk": 48, "fields": {"name": "Can view student", "content_type": 12, "codename": "view_student"}}, {"model": "auth.permission", "pk": 49, "fields": {"name": "Can add lecturer", "content_type": 13, "codename": "add_lecturer"}}, {"model": "auth.permission", "pk": 50, "fields": {"name": "Can change lecturer", "content_type": 13, "codename": "change_lecturer"}}, {"model": "auth.permission", "pk": 51, "fields": {"name": "Can delete lecturer", "content_type": 13, "codename": "delete_lecturer"}}, {"model": "auth.permission", "pk": 52, "fields": {"name": "Can view lecturer", "content_type": 13, "codename": "view_lecturer"}}, {"model": "auth.permission", "pk": 53, "fields": {"name": "Can add group subject", "content_type": 14, "codename": "add_groupsubject"}}, {"model": "auth.permission", "pk": 54, "fields": {"name": "Can change group subject", "content_type": 14, "codename": "change_groupsubject"}}, {"model": "auth.permission", "pk": 55, "fields": {"name": "Can delete group subject", "content_type": 14, "codename": "delete_groupsubject"}}, {"model": "auth.permission", "pk": 56, "fields": {"name": "Can view group subject", "content_type": 14, "codename": "view_groupsubject"}}, {"model": "auth.permission", "pk": 57, "fields": {"name": "Can add exam mark", "content_type": 15, "codename": "add_exammark"}}, {"model": "auth.permission", "pk": 58, "fields": {"name": "Can change exam mark", "content_type": 15, "codename": "change_exammark"}}, {"model": "auth.permission", "pk": 59, "fields": {"name": "Can delete exam mark", "content_type": 15, "codename": "delete_exammark"}}, {"model": "auth.permission", "pk": 60, "fields": {"name": "Can view exam mark", "content_type": 15, "codename": "view_exammark"}}, {"model": "auth.group", "pk": 1, "fields": {"name": "manager", "permissions": [57, 58, 59, 60, 25, 26, 27, 28, 29, 30, 31, 32, 53, 54, 55, 56, 49, 50, 51, 52, 33, 34, 35, 36, 37, 38, 39, 40, 45, 46, 47, 48, 41, 42, 43, 44]}}]